-- MySQL dump 10.13  Distrib 8.0.25, for Linux (x86_64)
--
-- Host: localhost    Database: mini_shop
-- ------------------------------------------------------
-- Server version	8.0.25-0ubuntu0.20.04.1

/*!40101 SET @OLD_CHARACTER_SET_CLIENT=@@CHARACTER_SET_CLIENT */;
/*!40101 SET @OLD_CHARACTER_SET_RESULTS=@@CHARACTER_SET_RESULTS */;
/*!40101 SET @OLD_COLLATION_CONNECTION=@@COLLATION_CONNECTION */;
/*!50503 SET NAMES utf8 */;
/*!40103 SET @OLD_TIME_ZONE=@@TIME_ZONE */;
/*!40103 SET TIME_ZONE='+00:00' */;
/*!40014 SET @OLD_UNIQUE_CHECKS=@@UNIQUE_CHECKS, UNIQUE_CHECKS=0 */;
/*!40014 SET @OLD_FOREIGN_KEY_CHECKS=@@FOREIGN_KEY_CHECKS, FOREIGN_KEY_CHECKS=0 */;
/*!40101 SET @OLD_SQL_MODE=@@SQL_MODE, SQL_MODE='NO_AUTO_VALUE_ON_ZERO' */;
/*!40111 SET @OLD_SQL_NOTES=@@SQL_NOTES, SQL_NOTES=0 */;

--
-- Table structure for table `bill`
--

DROP TABLE IF EXISTS `bill`;
/*!40101 SET @saved_cs_client     = @@character_set_client */;
/*!50503 SET character_set_client = utf8mb4 */;
CREATE TABLE `bill` (
  `bill_sn` int unsigned NOT NULL AUTO_INCREMENT COMMENT '帳單編號',
  `user_sn` int unsigned NOT NULL COMMENT '購買人',
  `bill_total` int unsigned NOT NULL COMMENT '總金額',
  `bill_date` datetime NOT NULL COMMENT '購買日期',
  `bill_status` varchar(255) DEFAULT 'undo',
  PRIMARY KEY (`bill_sn`)
) ENGINE=MyISAM AUTO_INCREMENT=11 DEFAULT CHARSET=utf8mb3;
/*!40101 SET character_set_client = @saved_cs_client */;

--
-- Dumping data for table `bill`
--

LOCK TABLES `bill` WRITE;
/*!40000 ALTER TABLE `bill` DISABLE KEYS */;
INSERT INTO `bill` VALUES (9,2,2230,'2021-07-02 17:34:24','undo'),(10,2,7465,'2021-07-03 21:11:45','Done');
/*!40000 ALTER TABLE `bill` ENABLE KEYS */;
UNLOCK TABLES;

--
-- Table structure for table `bill_detail`
--

DROP TABLE IF EXISTS `bill_detail`;
/*!40101 SET @saved_cs_client     = @@character_set_client */;
/*!50503 SET character_set_client = utf8mb4 */;
CREATE TABLE `bill_detail` (
  `bill_sn` int unsigned NOT NULL COMMENT '帳單編號',
  `goods_sn` int unsigned NOT NULL COMMENT '商品編號',
  `goods_amount` tinyint unsigned NOT NULL COMMENT '購買數量',
  `goods_total` int unsigned NOT NULL COMMENT '小計',
  PRIMARY KEY (`bill_sn`,`goods_sn`)
) ENGINE=MyISAM DEFAULT CHARSET=utf8mb3;
/*!40101 SET character_set_client = @saved_cs_client */;

--
-- Dumping data for table `bill_detail`
--

LOCK TABLES `bill_detail` WRITE;
/*!40000 ALTER TABLE `bill_detail` DISABLE KEYS */;
INSERT INTO `bill_detail` VALUES (10,42,3,3603),(10,44,2,2426),(10,48,1,706),(10,43,1,730),(9,44,1,1500),(9,43,1,730);
/*!40000 ALTER TABLE `bill_detail` ENABLE KEYS */;
UNLOCK TABLES;

--
-- Table structure for table `goods`
--

DROP TABLE IF EXISTS `goods`;
/*!40101 SET @saved_cs_client     = @@character_set_client */;
/*!50503 SET character_set_client = utf8mb4 */;
CREATE TABLE `goods` (
  `goods_sn` mediumint unsigned NOT NULL AUTO_INCREMENT COMMENT '商品編號',
  `goods_title` varchar(255) NOT NULL COMMENT '商品名稱',
  `goods_content` text,
  `goods_price` mediumint unsigned DEFAULT '0',
  `goods_counter` smallint unsigned DEFAULT '0',
  `goods_date` datetime NOT NULL COMMENT '上架日期',
  `goods_notice` text,
  `goods_service` text,
  `goods_special` text,
  PRIMARY KEY (`goods_sn`)
) ENGINE=MyISAM AUTO_INCREMENT=50 DEFAULT CHARSET=utf8mb3;
/*!40101 SET character_set_client = @saved_cs_client */;

--
-- Dumping data for table `goods`
--

LOCK TABLES `goods` WRITE;
/*!40000 ALTER TABLE `goods` DISABLE KEYS */;
INSERT INTO `goods` VALUES (44,'百鬼あやめ-グッバイ宣言','<p><span dir=\"auto\">狂い咲く</span></p>\r\n\r\n<p>By ホロライブバーチャル鬼神</p>\r\n',1213,57,'2021-07-03 22:04:02','<p>エマージェンシー　零時　奴らは</p>\r\n\r\n<p>クレイジー・インザ・タウン　家に篭って</p>\r\n\r\n<p>ゴロゴロ　ゴロゴロと　</p>\r\n\r\n<p>堕落の夜に　絡みついた</p>\r\n\r\n<p>&nbsp;</p>\r\n\r\n<p>ルルル　放つ言葉は　ルルル　腐っていた</p>\r\n\r\n<p>正論も常識も　意味を持たない都会にサヨウナラ！</p>\r\n\r\n<p>&nbsp;</p>\r\n\r\n<p>引き籠り 絶対 ジャスティス 俺の私だけの　折の中で</p>\r\n\r\n<p>聴き殺してランデブー　俺の私の音が　君に染まるまで</p>\r\n\r\n<p>引き籠り 絶対 ジャスティス 俺の私だけの　折の中で</p>\r\n\r\n<p>聴き殺してランデブー　俺の私の音を　君が包むだけ</p>\r\n\r\n<p>wowow 時がきた今</p>\r\n\r\n<p>wowow エゴ放つのさ</p>\r\n\r\n<p>wowow 家に籠って　狂い咲く</p>\r\n\r\n<p>&nbsp;</p>\r\n\r\n<p>エマージェンシー　0時　流石に</p>\r\n\r\n<p>クレイジーな計画はお陀仏</p>\r\n\r\n<p>グルグル　グルグルと</p>\r\n\r\n<p>世界は変わらず廻っていた</p>\r\n\r\n<p>ルルル　君の視線が　ルルル　ぼやけて尽きる</p>\r\n\r\n<p>マリオネットな感情に　気付いてしまった</p>\r\n\r\n<p>&nbsp;</p>\r\n\r\n<p>相も変わらずJamる街　</p>\r\n\r\n<p>止まぬNervousに　拐われないで</p>\r\n\r\n<p>&nbsp;</p>\r\n\r\n<p>引き籠り 絶対 ジャスティス 俺の私だけの　折の中で</p>\r\n\r\n<p>聴き殺してランデブー　俺の私の音が　君に染まるまで</p>\r\n\r\n<p>引き籠り 絶対 ジャスティス 俺の私だけの　折の中で</p>\r\n\r\n<p>聴き殺してランデブー　俺の私の音を　君が包むだけ</p>\r\n\r\n<p>wowow 時がきた今</p>\r\n\r\n<p>wowow エゴ放て</p>\r\n\r\n<p>恥を捨てられる　家に狂い咲け</p>\r\n','<iframe width=\"560\" height=\"315\" src=\"https://www.youtube.com/embed/z1W4c7ym49Y\" title=\"YouTube video player\" frameborder=\"0\" allow=\"accelerometer; autoplay; clipboard-write; encrypted-media; gyroscope; picture-in-picture\" allowfullscreen></iframe>','<p><span dir=\"auto\">■ご本家様 </span></p>\r\n\r\n<p><span dir=\"auto\">Chinozo様 / </span><a href=\"https://www.youtube.com/watch?v=dHXC_ahjtEE&amp;t=0s\">https://youtu.be/dHXC_ahjtEE</a><span dir=\"auto\"> </span></p>\r\n\r\n<p><span dir=\"auto\">■vocal </span></p>\r\n\r\n<p><span dir=\"auto\">百鬼あやめ / </span><a href=\"https://www.youtube.com/redirect?event=video_description&amp;redir_token=QUFFLUhqa2NyX25LRmhSSjJiaVBNZmJwWXRuemxLZW1NZ3xBQ3Jtc0tuM3E2ZDl3bkRQbE8tbksyYXkzMEhtM1pfZ2NRbmZhUmVBSkFFeWRhaEsxbUFHOHNkbmpDOVFmQkZ4TGlBelVkRXM1Z0c5X2lGS1dzUjh5TTRBelVtS0J4cUdiNmtQVXg0LV9wbkdmanhCT3hPek01QQ&amp;q=https%3A%2F%2Ftwitter.com%2Fnakiriayame\" target=\"_blank\">https://twitter.com/nakiriayame</a><span dir=\"auto\"> </span></p>\r\n\r\n<p><span dir=\"auto\">■illust </span></p>\r\n\r\n<p><span dir=\"auto\">濁流様 / </span><a href=\"https://www.youtube.com/redirect?event=video_description&amp;redir_token=QUFFLUhqbUQ2QUNGVU5EejZlcUNzQWJlbTBZdmNndkxyUXxBQ3Jtc0tsdVBrTF9Lckg0RWI0UGUxSi0tQjFKVFdHaDF2Y01QRDNlTDI4UG9zajh2YncxNkhjVFBaYU9Ba2VGQU9PVmNZSmpCTnlodURZejQtRFB4U2VJVldqMTRXZUxSOHFNT3pZMGNmemctYmdfZVllRFBoNA&amp;q=https%3A%2F%2Ftwitter.com%2Fhshshshs_daku%3Fs%3D21\" target=\"_blank\">https://twitter.com/hshshshs_daku?s=21</a><span dir=\"auto\"> </span></p>\r\n\r\n<p><span dir=\"auto\">■movie </span></p>\r\n\r\n<p><span dir=\"auto\">近所のにーちゃん様 / </span><a href=\"https://www.youtube.com/redirect?event=video_description&amp;redir_token=QUFFLUhqbnhsNTlTQ3FkZmVHMUYwZ3p5UVluOHEyVVAxUXxBQ3Jtc0ttUU82WHd1TjVkOF80R0RBOXk3b1ZiakdQWHlyOE84NS1RVTdjWnlWSXJ3U1I5Qnk0N1NXQ0lxZHI5bEt2SmZqRklMYlR1UE92bHVUS1dWaHFLYjNGZXQ2NjFGOHpuU2wwVUt3akN1Z3d2OU5xX0NXaw&amp;q=https%3A%2F%2Ftwitter.com%2Fgokinjocat\" target=\"_blank\">https://twitter.com/gokinjocat</a><span dir=\"auto\"> </span></p>\r\n\r\n<p><span dir=\"auto\">■mix </span></p>\r\n\r\n<p><span dir=\"auto\">さんかくずわり様 / </span><a href=\"https://www.youtube.com/redirect?event=video_description&amp;redir_token=QUFFLUhqa2ZqamJUT1VqSFpRTUFMWXEyMk5oRXpYalByQXxBQ3Jtc0tsbUlIVzF4aW1FTUJfRFFGU3pZUEczRE1jLXJrYjNvRWlKdS1maTVBWmlEMTRrVGxXRGgtbjdtWldmVDRuQlBDa0RKRUgzejhibl9mSkEtTDFmWVhjNU5yU2R2c1dIbGtJUk10X1lTTlJPT2VEeHRORQ&amp;q=https%3A%2F%2Ftwitter.com%2Fsankaku_mix%3Fs%3D21\" target=\"_blank\">https://twitter.com/sankaku_mix?s=21</a></p>\r\n'),(43,'宝鐘マリン-Ahoy!! 我ら宝鐘海賊団☆','<p>《Ahoy!! 我們是寶鍾海賊團☆》是寶鍾瑪琳17歲二周目生日的賀曲。這首歌在她的生日會（2020.7.30）上首次被公開演唱，同日，她的頻道發布了本曲的先行版MV。</p>\r\n\r\n<pre>\r\n\r\n歌曲由東方同人社團IOSYS創作，因此頗有&ldquo;東方風&rdquo;，此外高潮部分還Neta了《only my railgun》的旋律。 </pre>\r\n\r\n<p>宝鐘瑪琳是hololive 三期生</p>\r\n\r\n<p>&nbsp;</p>\r\n',730,45,'2021-07-03 22:07:15','<h2>Ahoy!! 我ら寶鐘海賊団</h2>\r\n\r\n<p>海賊なら Yo-Ho! (Yo-Ho!) 踊れ叫べ Yo-Ho! (Yo-Ho!)<br />\r\nさぁ今旗のもとへ (Hi Hi Hi Hi Ohhhhh)<br />\r\n宝鐘海賊団「出航～！」</p>\r\n\r\n<p><br />\r\n(Ahoy! Ahoy! Ahoy! Ahoy!)<br />\r\n踊る Ahoy! に見る Ahoy! （ホイホーイ！）<br />\r\n（Ahoy! Ahoy! Ahoy! ホイホイホーイ！）<br />\r\n「全速前進だ〜！」</p>\r\n\r\n<p><br />\r\n進め！（進め！）太陽はサンサン 大航海日和だ<br />\r\n歌え！（歌え！）最高のテンション 波の音に乗せて ドンブラコ<br />\r\n海でガールズ PARTY<br />\r\n陸で兄貴が HAPPY (Fu-Fu!)<br />\r\nお空ではドクロくん ヒラヒラ</p>\r\n\r\n<p><br />\r\n山奥ボロボロマイハウスで夢を見て<br />\r\n「あん、神様ぁ、いつかこのマリンを本物の海賊に... してくだたぁ〜い」</p>\r\n\r\n<p><br />\r\n声を上げてさぁ出航だ 我ら宝鐘海賊団<br />\r\nコンパス片手に旗を揚げ この海をジャックしちゃおう<br />\r\nヨーソロー！ついておいで 共に Yo-Ho Yo-Ho 叫ぼう<br />\r\n嗚呼 最高の日々 ようこそ我が船へ</p>\r\n\r\n<p>踊る Ahoy! に見る Ahoy! （ホイホーイ）<br />\r\n（Ahoy! Ahoy! Ahoy! ホイホイホーイ）<br />\r\n「一、二、サンバ！サンバ！」</p>\r\n\r\n<p>熱く！（熱く！）語ろうよ パッション 思いを解き放て<br />\r\n赤く！（赤く！）煌めく ファッション 形から入るタイプです<br />\r\n発車10秒前 走れ ガチ恋列車 (Fu-Fu)<br />\r\n夕焼けも照れるワ ギラギラ</p>\r\n\r\n<p>じんわり汗も滴るイイ女だけど<br />\r\n「あん、神様ぁ、船長はセンシティブだと、BANされちゃうのですね〜！はにゃん」</p>\r\n\r\n<p>奪われたら 取り戻せ それが 宝鐘海賊団<br />\r\nキミたちとなら辿り着ける 伝説のエルドラド (Go Go!)<br />\r\nヨーソロー！楽しけりゃ 歌え Yo-Ho Yo-Ho パーリナイ<br />\r\n嗚呼 この景色 大切な仲間よ</p>\r\n\r\n<p>宴だ宴！騒げや騒げ！踊るAhoy!に見るAhoy!（ホイホーイ）<br />\r\n同じアホなら飲まなきゃソンソン！酒樽片手に いっきまっすよーそれっ！<br />\r\nAhoy! Ahoy! (Ahoy! Ahoy!)<br />\r\nAhoy! Ahoy! (Ahoy! Ahoy!)<br />\r\n宝鐘マリン！（宝鐘マリン！）世界で1番？（かわいいよ〜！）<br />\r\nメスガキ！メスガキ！（メスガキ！メスガキ！）<br />\r\nエロガキ！エロガキ！（エロガキ！エロガキ！）<br />\r\nボンキュッボーン！（ボンキュッボーン！）<br />\r\nお嬢ちゃんパンツ何色...？（パンツはいてませーん！）<br />\r\nお宝！お宝！（お宝！お宝！） 魔剤？魔剤？（魔剤！魔剤！）<br />\r\n撫でますドン！（撫でますドン！）<br />\r\n船長のちょっといいとこ（「見てみたい〜！」）<br />\r\nあはんあは〜ん！（もっと！もっと！）<br />\r\nうふんうふ〜ん！（もっと！もっと！）<br />\r\nセクシービーム！（もっと！もっと！）<br />\r\nいやーん マイチング〜！（もっと！もっと！）<br />\r\nだっちゅーの！（もっともっともっとー！）<br />\r\nサービスサービスぅ！（もっともっともっとー！）<br />\r\n萌え萌えキュン （もっともっともっとー！）<br />\r\n出会って5秒で（即出航〜！）<br />\r\nあぁんもう！船長は、キミたちをそんな子に育てた覚えはありません！<br />\r\nほんとにぃ〜〜、めっ、だぞ<br />\r\n立てば痴女 座れば昭和 歩く姿はセンシティブ...</p>\r\n\r\n<p>夢を見よう この船で 後悔なんてさせない<br />\r\nキミたちのおかげで私は 船長になれるから<br />\r\n「ミラクル船長キャノン、打てーー！」<br />\r\n「ブヒィィィィィィ〜〜〜」</p>\r\n\r\n<p>声を上げて さぁ出航だ 我ら 宝鐘海賊団<br />\r\nコンパス片手に旗を揚げ この海をジャックしちゃおう (Go Go!)<br />\r\nヨーソロー！ついておいで 共に Yo-Ho Yo-Ho 叫ぼう<br />\r\n嗚呼 最高の日々 ようこそ我が船へ</p>\r\n\r\n<p>宝鐘の海賊団<br />\r\n「それでは行きますよ〜〜！出航〜！」（ヨーソロー！）</p>\r\n','<iframe width=\"560\" height=\"315\" src=\"https://www.youtube.com/embed/e7VK3pne8N4\" title=\"YouTube video player\" frameborder=\"0\" allow=\"accelerometer; autoplay; clipboard-write; encrypted-media; gyroscope; picture-in-picture\" allowfullscreen></iframe>','<h3>【作編曲】</h3>\r\n\r\n<p>&nbsp;ARM (IOSYS)<br />\r\nTwitter▷<a href=\"https://twitter.com/ARM_IOSYS\">https://twitter.com/ARM_IOSYS</a></p>\r\n\r\n<p>【作詞】<br />\r\nまろん (IOSYS)<br />\r\nTwitter▷<a href=\"https://twitter.com/maron47\">https://twitter.com/maron47</a></p>\r\n\r\n<p>【動画編集】<br />\r\nお菊<br />\r\nTwitter▷<a href=\"https://twitter.com/__Lizel\">https://twitter.com/__Lizel</a></p>\r\n\r\n<p>【イラスト】<br />\r\n伊礼えり<br />\r\nTwitter▷<a href=\"https://twitter.com/ireieri_\">https://twitter.com/ireieri_</a></p>\r\n\r\n<p>【ギター・バンジョー】<br />\r\nジュクチョー<br />\r\nTwitter▷<a href=\"https://twitter.com/zyukucho_world\">https://twitter.com/zyukucho_world</a></p>\r\n\r\n<p>【バイオリン】<br />\r\n三輪紫乃<br />\r\nTwitter▷<a href=\"https://twitter.com/shin_826\">https://twitter.com/shin_826</a></p>\r\n\r\n<p>【マスタリング】<br />\r\nしばやん<br />\r\nTwitter▷</p>\r\n'),(42,'湊あくあ-ヴァンパイア','<p>あてぃし、ヴァンパイア！</p>\r\n\r\n<p>Song by Vampire<br />\r\nMusic DECO27<br />\r\nCovered Vocal：Minato Aqua</p>\r\n',1201,18,'2021-07-02 21:27:08','<p>&nbsp;あたしヴァンパイア<br />\r\nいいの？吸っちゃっていいの？<br />\r\n「もう無理もう無理」なんて　悪い子だね<br />\r\n試したいな　いっぱいで吐きたい　まだ絶対いけるよ</p>\r\n\r\n<p><br />\r\n最低最高　ずっといき来してる<br />\r\n甘くなる不安の果実<br />\r\nNo more 発展　嫉妬息をしても<br />\r\n要らないだけ　五月蝿いだけ</p>\r\n\r\n<p>誰かといれば　それはたられば<br />\r\n強がってたって気持ちにゃ逆らえない<br />\r\n離れていても　感じてるエモ<br />\r\n繋がって確かめたら死ねるかも</p>\r\n\r\n<p>いいもん　悲しいもん　切ないもん<br />\r\nきみのすべてを喰らうまで　絶叫</p>\r\n\r\n<p>あたしヴァンパイア<br />\r\nいいの？吸っちゃっていいの？<br />\r\n「もう無理もう無理」なんて　悪い子だね<br />\r\n試したいな　いっぱいで吐きたい　まだ絶対いけるよ</p>\r\n\r\n<p>あたしヴァンパイア<br />\r\n求めちゃってまた枯らしちゃってほらやな感じ<br />\r\n泣いて忘れたら「はじめまして」<br />\r\nあたしヴァンパイア<br />\r\n愛情をください　まだ絶対いけるよ</p>\r\n\r\n<p>あたしヴァンパイア　まずはこっちおいで</p>\r\n\r\n<p><br />\r\n内緒の想い洗いざらい　吐き出したなら「正に」ばかり<br />\r\n割り切れないけど余りじゃない　そっと朝まで通せんぼ</p>\r\n\r\n<p>繰り返すヤダ　我儘はタダ<br />\r\n欲張ってまたチャンスを逃すのだ<br />\r\n病まないもしも　叶えたいけど<br />\r\n重なって押しつぶされちゃうのかも</p>\r\n\r\n<p>いいもん　悲しいもん　切ないもん<br />\r\nきみのすべてを喰らうまで<br />\r\nいいじゃん　楽しいじゃん　気持ち良いじゃん<br />\r\n溺れるまでが癖になるね　絶叫　</p>\r\n\r\n<p>あたしヴァンパイア<br />\r\nいいの？吸っちゃっていいの？<br />\r\n「もう無理もう無理」なんて　悪い子だね<br />\r\n試したいな　いっぱいで吐きたい　まだ絶対いけるよ</p>\r\n\r\n<p>きみもヴァンパイア<br />\r\nいいよ　吸っちゃっていいよ<br />\r\n「もう無理もう無理」だって　言わせてほしい<br />\r\nきみ以外では絶対にいけない　ほら絶賛させてよ</p>\r\n\r\n<p>きみもヴァンパイア<br />\r\n求めちゃってまた枯らしちゃって今何回目？<br />\r\n星が見えるような泡の中で<br />\r\nきみもヴァンパイア<br />\r\n延長をください　まだ絶対いけるよ</p>\r\n\r\n<p>きみもヴァンパイア　まずはこっちおいで</p>\r\n\r\n<p>絶対いけるよ</p>\r\n','<iframe width=\"560\" height=\"315\" src=\"https://www.youtube.com/embed/rbPa0Qp3zJQ\" title=\"YouTube video player\" frameborder=\"0\" allow=\"accelerometer; autoplay; clipboard-write; encrypted-media; gyroscope; picture-in-picture\" allowfullscreen></iframe>','<p>■本家：DECO27様　<a href=\"https://youtu.be/e1xCOsgWG0M\">https://youtu.be/e1xCOsgWG0M</a><br />\r\n■vocal：湊あくあ　<a href=\"https://twitter.com/minatoaqua\">https://twitter.com/minatoaqua</a><br />\r\n■mix：ごず様　<a href=\"https://twitter.com/_gozu777\">https://twitter.com/_gozu777</a><br />\r\n■illustration：おしるこ様　<a href=\"https://twitter.com/oshiruco_212048\">https://twitter.com/oshiruco_212048</a><br />\r\n■movie：らいり様　<a href=\"https://twitter.com/_Rai28\">https://twitter.com/_Rai28</a><br />\r\n■Special Thanks：天音かなた、神楽めあ、紫咲シオン、猫又おかゆ、宝鐘マリン、星街すいせい</p>\r\n\r\n<p>■歌ってみた：<a href=\"https://www.youtube.com/playlist?list=PLUp1t9SPBl6r4nqsQBg7HH7fPX2l9AGQk\">https://youtube.com/playlist?list=PLU...</a></p>\r\n'),(46,'Gawr Gura-REFLECT','<p>A descendant of the Lost City of Atlantis, who swam to Earth while saying, &quot;It&#39;s so boring down there LOLOLOL!&quot; She bought her clothes (and her shark hat) in the human world and she really loves them. In her spare time, she enjoys talking to marine life.</p>\r\n\r\n<p>STREAMING: <a href=\"https://gawrgura.streamlink.to/reflect\">https://gawrgura.streamlink.to/reflect</a><br />\r\nGAWR GURA MERCH: <a href=\"https://hololive.booth.pm/items/3052025\">https://hololive.booth.pm/items/3052025</a><br />\r\nTWITTER: <a href=\"https://twitter.com/gawrgura\">https://twitter.com/gawrgura</a></p>\r\n\r\n<p>Click on CC for Official subtitles and translations.</p>\r\n',620,25,'2021-07-03 22:07:51','<p>&Epsilon;&kappa; &lambda;ό&gamma;&omicron;&upsilon; ά&lambda;&lambda;&omicron;&sigmaf; &epsilon;&kappa;&beta;&alpha;ί&nu;&epsilon;&iota; &lambda;ό&gamma;&omicron;&sigmaf;<br />\r\n<br />\r\n水面に映る自分が言った<br />\r\n「ああ、私は悪いサメです」<br />\r\nずっと恐れていた　赤く光るその目<br />\r\n海の底暗闇に消えていく<br />\r\n<br />\r\nどうして (Your tired eyes)<br />\r\n泣くのよ (Begin to fall)<br />\r\n欲しいものなら全部手に入れた<br />\r\n教えて (Your darkest thoughts)<br />\r\n私は (Unleash them all)<br />\r\n望んでいた私になれたかな<br />\r\n<br />\r\n嘘はつかないでも本当じゃない (Ah, ah)<br />\r\n本音は言わない方が楽じゃない？<br />\r\nいつかは (A time and place)<br />\r\nどこかで (For darker days)<br />\r\n分かり合える時が来るの？<br />\r\n<br />\r\nHa, ha, ha<br />\r\nLook at this so-called &quot;gem of the sea&quot;<br />\r\nOdd and scrawny, you see what I mean?​<br />\r\nReturn to what you know, it ain&#39;t much I know<br />\r\nHeh, it shows</p>\r\n\r\n<p><br />\r\n私はあなたとは違うの<br />\r\nやめてよ　決めつけはもう大嫌い（大嫌い）<br />\r\n理想の姿じゃなくていいの<br />\r\n私らしくあれば<br />\r\nただ分かって欲しいだけよ<br />\r\n<br />\r\nHeh! 理想通りじゃなきゃ意味なんてない​<br />\r\n希望も夢すらなくて 辛い 辛い 辛い 辛い<br />\r\nあなたらしさ　あるのかしら？<br />\r\nあきらめて楽になろう<br />\r\nさあ<br />\r\n<br />\r\nずっと追い求めた　私なりの答え<br />\r\n自分には嘘はつきたくないの​<br />\r\n<br />\r\nごめんね (One story ends)<br />\r\n今まで (Begin again)<br />\r\n気づかなかったことがあるんだけど<br />\r\nこうして (While hand-in-hand)<br />\r\nあなたが (Until the end)<br />\r\nいてくれたから今の私がいる<br />\r\n<br />\r\n過去はいらない？そんなことはない (Ah, ah)<br />\r\n未来は見えない方がマシじゃない？​<br />\r\nここから (No matter where)<br />\r\n静かに (Watch over me)<br />\r\n私を見守っていてね</p>\r\n\r\n<p><br />\r\nSo, you think that&#39;s all, huh?​<br />\r\nJust gonna leave like it&#39;s nothing?<br />\r\nGoing without me?<br />\r\n(I don&#39;t know what you&#39;re thinking!)<br />\r\nReturn to the sea<br />\r\nA shark is all you&#39;ll ever be<br />\r\n<br />\r\nさよなら (Our story ends)<br />\r\nありがとう (Begin again)<br />\r\n隠していた私はもういない<br />\r\nさよなら (Once hand-in-hand)<br />\r\nありがとう (Until the end)<br />\r\n全て受け入れて生きていくから<br />\r\n<br />\r\n海の底はつまらないけど​ (Ah, ah)<br />\r\nあなたのことは忘れないから<br />\r\nいつでも (No matter where)<br />\r\nどこでも (Watch over me)<br />\r\n私らしく生きていこう<br />\r\n<br />\r\n&Omicron;&upsilon;&delta;έ&nu; &kappa;&alpha;&kappa;ό&nu; &alpha;&mu;&iota;&gamma;έ&sigmaf; &kappa;&alpha;&lambda;&omicron;ύ</p>\r\n','<iframe width=\"560\" height=\"315\" src=\"https://www.youtube.com/embed/WGgEFoI9MhE\" title=\"YouTube video player\" frameborder=\"0\" allow=\"accelerometer; autoplay; clipboard-write; encrypted-media; gyroscope; picture-in-picture\" allowfullscreen></iframe>','<p>Music/Mix/Master - Farhan Sarasin<br />\r\nLyrics - Neko Hacker, Gawr Gura<br />\r\nIllustration - Mochizuki Mochi<br />\r\nLogo - Spiritsnare</p>\r\n'),(47,'Calliope Mori-Red','<p>&quot;Red&quot; MV.</p>\r\n\r\n<p>&quot;Your Mori.&quot; Brand New EP Released by Calliope Mori.<br />\r\nFeaturing 4 new songs and a bonus track for the physical CD release! Check it out!</p>\r\n\r\n<p>ORDER THE CD OR STREAM IT!<br />\r\n<a href=\"https://calliope.streamlink.to/2ndEPCD\">https://calliope.streamlink.to/2ndEPCD</a></p>\r\n',404,21,'2021-07-03 22:06:15','<p>Tonight the moon is rose in a crimson red</p>\r\n\r\n<p>But roses gotta wither so I&#39;ll live forever</p>\r\n\r\n<p>instead</p>\r\n\r\n<p>And now I can&#39;t get rid of all of these storms</p>\r\n\r\n<p>in my head</p>\r\n\r\n<p>Bring on the hemorrhaging</p>\r\n\r\n<p>I guess I&#39;ll live in your memory</p>\r\n\r\n<p>&nbsp;</p>\r\n\r\n<p>Another distorted story that ignore the</p>\r\n\r\n<p>deceased</p>\r\n\r\n<p>I&#39;ll live inside the castle, pray I am never</p>\r\n\r\n<p>released</p>\r\n\r\n<p>I&#39;d rather kick it in dungeon &#39;cause I&#39;m</p>\r\n\r\n<p>that kind of beast</p>\r\n\r\n<p>I&#39;ll beat my heart on the cards because I</p>\r\n\r\n<p>trust me the least</p>\r\n\r\n<p>(Let it die)</p>\r\n\r\n<p>Pressure mountings, but I&#39;m doomed</p>\r\n\r\n<p>without it</p>\r\n\r\n<p>Precious moments zooming by, don&#39;t</p>\r\n\r\n<p>doubt it</p>\r\n\r\n<p>Rest is ephemeral, scream and shout it</p>\r\n\r\n<p>The best don&#39;t sleep, I was all about it</p>\r\n\r\n<p>&nbsp;</p>\r\n\r\n<p>(Let it die)</p>\r\n\r\n<p>But reaping keeps you tucked in the</p>\r\n\r\n<p>shadows</p>\r\n\r\n<p>This creeping feeling of identity battles</p>\r\n\r\n<p>Closing in on every side of me</p>\r\n\r\n<p>&nbsp;</p>\r\n\r\n<p>Red tomorrow&nbsp;&nbsp;Red today</p>\r\n\r\n<p>Dread, sorrow, can&#39;t turn away</p>\r\n\r\n<p><strong>Can&#39;t turn back</strong></p>\r\n\r\n<p>Time I&#39;ll always be a prisoner to my</p>\r\n\r\n<p>ambitions</p>\r\n\r\n<p>As petals fly, I&#39;ll dance to your turn</p>\r\n\r\n<p>But hold you breath, guess who&#39;s running</p>\r\n\r\n<p>the show</p>\r\n\r\n<p>And when this red runs black</p>\r\n\r\n<p>I&#39;ll ask you was I everything you imagined</p>\r\n\r\n<p>When the times finally up, the sun&#39;s falling</p>\r\n\r\n<p>down</p>\r\n\r\n<p>I&#39;ll turn stone again</p>\r\n\r\n<p>&nbsp;</p>\r\n\r\n<p>Every day&#39;s a fight to stay relevant</p>\r\n\r\n<p>And it cannot last, so relish it</p>\r\n\r\n<p>Our planet&#39;s vest, but this hole&#39;s a ditch</p>\r\n\r\n<p>Toss out the past, and strike it rich</p>\r\n\r\n<p>Nobody asked if the mask is not the right fit</p>\r\n\r\n<p>In this fiction, is no disater in spite of it</p>\r\n\r\n<p>I said, curious, what comes after it</p>\r\n\r\n<p>It&#39;s mysterious, and yet I exist</p>\r\n\r\n<p>&nbsp;</p>\r\n\r\n<p>Hold on</p>\r\n\r\n<p>Stay beautiful&nbsp;&nbsp;Stay young</p>\r\n\r\n<p>There are blades to be swung yet</p>\r\n\r\n<p>Rising soon</p>\r\n\r\n<p>Regard the room</p>\r\n\r\n<p>Reflected in the crimson tonight</p>\r\n\r\n<p>&nbsp;</p>\r\n\r\n<p>Red tomorrow&nbsp;&nbsp;Red today</p>\r\n\r\n<p>Dread, sorrow, can&#39;t turn away</p>\r\n\r\n<p><strong>Can&#39;t turn back</strong></p>\r\n\r\n<p>Time I&#39;ll always be a prisoner to my</p>\r\n\r\n<p>ambitions</p>\r\n\r\n<p>As petals fly, I&#39;ll dance to your turn</p>\r\n\r\n<p>But hold you breath, guess who&#39;s owning</p>\r\n\r\n<p>the throne</p>\r\n\r\n<p>So come alive now</p>\r\n\r\n<p>Once again, so I can chase you down</p>\r\n\r\n<p>We are five minutes away from</p>\r\n\r\n<p>The end it&#39;s come</p>\r\n\r\n<p>Coutinue slaching forward I must</p>\r\n\r\n<p>Or else just fade away</p>\r\n\r\n<p>&nbsp;</p>\r\n\r\n<p>There&#39;s driver to strive inside all of us</p>\r\n\r\n<p>A never-ending ouroboros</p>\r\n\r\n<p>It can weight you down and it&#39;s all because</p>\r\n\r\n<p>Yeah thinking that reaping is all there was</p>\r\n\r\n<p>(It is how)</p>\r\n\r\n<p>I gotta find a way and escape how fate</p>\r\n\r\n<p>Have funny way of shaking the weak down</p>\r\n\r\n<p>Am I gonna peak now</p>\r\n\r\n<p>Future lookin&#39; bleak, wow</p>\r\n\r\n<p>Somehow incomplete after all</p>\r\n\r\n<p>&nbsp;</p>\r\n\r\n<p><strong>Can&#39;t turn back</strong></p>\r\n\r\n<p>Time I&#39;ll always be a prisoner to my</p>\r\n\r\n<p>ambitions</p>\r\n\r\n<p>As petals fly, I&#39;ll dance to your turn</p>\r\n\r\n<p>Don&#39;t hold you breath for me</p>\r\n\r\n<p>And when this red runs black</p>\r\n\r\n<p>I&#39;ll ask you was I everything you imagined</p>\r\n\r\n<p>When the times finally up, the sun&#39;s falling</p>\r\n\r\n<p>down</p>\r\n\r\n<p>I&#39;ll turn stone again</p>\r\n\r\n<p>&nbsp;</p>\r\n\r\n<p>So come alive now</p>\r\n\r\n<p>Once again, so I can chase you down</p>\r\n\r\n<p>We are five seconds away from</p>\r\n\r\n<p>The end it&#39;s come</p>\r\n\r\n<p>From here on out</p>\r\n\r\n<p>It&#39;s only just me and the bloodlust</p>\r\n\r\n<p>I&#39;d rather just</p>\r\n\r\n<p>Fade away......</p>\r\n','<iframe width=\"560\" height=\"315\" src=\"https://www.youtube.com/embed/-AuQZrUHjhg\" title=\"YouTube video player\" frameborder=\"0\" allow=\"accelerometer; autoplay; clipboard-write; encrypted-media; gyroscope; picture-in-picture\" allowfullscreen></iframe>','<p>Rap/Lyrics/Movie: Calliope Mori (me!)<br />\r\nMy Twitter: <a href=\"https://twitter.com/moricalliope\">https://twitter.com/moricalliope</a></p>\r\n\r\n<p>Music Composition: てにをは<br />\r\nてにをは&#39;s YouTube: <a href=\"https://www.youtube.com/channel/UCQAdXyrF2fYcqdXUUW3YxUg\">https://www.youtube.com/channel/UCQAd...</a><br />\r\nてにをは&#39;s Twitter: <a href=\"https://twitter.com/edogawa_sampo\">https://twitter.com/edogawa_sampo</a></p>\r\n\r\n<p>Mix by: AO<br />\r\nAO&#39;s Twitter: <a href=\"https://twitter.com/2z2z\">https://twitter.com/2z2z</a><br />\r\nAO&#39;s YouTube: <a href=\"https://www.youtube.com/c/TOPHAMHATKYO\">https://www.youtube.com/c/TOPHAMHATKYO</a></p>\r\n\r\n<p>Artwork by: 零<br />\r\n零&#39;s Twitter: <a href=\"https://twitter.com/rei_17\">https://twitter.com/rei_17</a></p>\r\n'),(48,'Takanashi Kiara-グッバイ宣言','<p>Takanashi Kiara is Hololive EN 一期生</p>\r\n\r\n<p>[Viewer Rules]<br />\r\nThank you for watching my stream!<br />\r\nTo help everyone enjoy the stream more, please follow these rules:<br />\r\n1.Be nice to other viewers. Don&rsquo;t spam or troll<br />\r\n2.If you see spam or trolling, don&rsquo;t respond. Just block, report, and ignore those comments.<br />\r\n3.Talk about the stream, but please don&rsquo;t bring up unrelated topics or have personal conversations.<br />\r\n4.Don&rsquo;t bring up other streamers or streams unless I mention them.<br />\r\n5.Similarly, don&rsquo;t talk about me or my stream in other streamers&rsquo; chat.<br />\r\n6.Chatting before the stream starts is fine as long as it&#39;s not completely unrelated to Takanashi Kiara.<br />\r\n7. Backseating is welcome in most of my streams unless I say so. No spoilers!</p>\r\n',706,7,'2021-07-03 22:05:01','<p>エマージェンシー　零時　奴らは</p>\r\n\r\n<p>クレイジー・インザ・タウン　家に篭って</p>\r\n\r\n<p>ゴロゴロ　ゴロゴロと　</p>\r\n\r\n<p>堕落の夜に　絡みついた</p>\r\n\r\n<p><br />\r\nルルル　放つ言葉は　ルルル　腐っていた</p>\r\n\r\n<p>正論も常識も　意味を持たない都会にサヨウナラ！</p>\r\n\r\n<p><br />\r\n引き籠り 絶対 ジャスティス 俺の私だけの　折の中で</p>\r\n\r\n<p>聴き殺してランデブー　俺の私の音が　君に染まるまで</p>\r\n\r\n<p>引き籠り 絶対 ジャスティス 俺の私だけの　折の中で</p>\r\n\r\n<p>聴き殺してランデブー　俺の私の音を　君が包むだけ</p>\r\n\r\n<p>wowow 時がきた今</p>\r\n\r\n<p>wowow エゴ放つのさ</p>\r\n\r\n<p>wowow 家に籠って　狂い咲く</p>\r\n\r\n<p><br />\r\nエマージェンシー　0時　流石に</p>\r\n\r\n<p>クレイジーな計画はお陀仏</p>\r\n\r\n<p>グルグル　グルグルと</p>\r\n\r\n<p>世界は変わらず廻っていた</p>\r\n\r\n<p>ルルル　君の視線が　ルルル　ぼやけて尽きる</p>\r\n\r\n<p>マリオネットな感情に　気付いてしまった</p>\r\n\r\n<p><br />\r\n相も変わらずJamる街　</p>\r\n\r\n<p>止まぬNervousに　拐われないで</p>\r\n\r\n<p><br />\r\n引き籠り 絶対 ジャスティス 俺の私だけの　折の中で</p>\r\n\r\n<p>聴き殺してランデブー　俺の私の音が　君に染まるまで</p>\r\n\r\n<p>引き籠り 絶対 ジャスティス 俺の私だけの　折の中で</p>\r\n\r\n<p>聴き殺してランデブー　俺の私の音を　君が包むだけ</p>\r\n\r\n<p>wowow 時がきた今</p>\r\n\r\n<p>wowow エゴ放て</p>\r\n\r\n<p>恥を捨てられる　家に狂い咲け</p>\r\n','<iframe width=\"560\" height=\"315\" src=\"https://www.youtube.com/embed/DU0IeW9BCzY\" title=\"YouTube video player\" frameborder=\"0\" allow=\"accelerometer; autoplay; clipboard-write; encrypted-media; gyroscope; picture-in-picture\" allowfullscreen></iframe>','<p>-Credits-<br />\r\nOriginal Song by Chinozo<br />\r\nArt, Video: Yunarun<br />\r\nMix: Gojo Kai<br />\r\nDance choreography:　サビ사비</p>\r\n'),(49,'尾丸ポルカ-爆笑','<p>OHA</p>\r\n\r\n<p>　■■■■■<br />\r\n■&nbsp;&nbsp;&nbsp;&nbsp;&nbsp;&nbsp; ■<br />\r\n■&nbsp;&nbsp;&nbsp;&nbsp;&nbsp;&nbsp; ■<br />\r\n■&nbsp;&nbsp;&nbsp;&nbsp;&nbsp;&nbsp; ■<br />\r\n■■■■■<br />\r\n■<br />\r\n■<br />\r\n■<br />\r\n■ OL</p>\r\n\r\n<p>おまる座ポルカサーカス<br />\r\n第六公演<br />\r\n「爆笑」</p>\r\n',130,16,'2021-07-03 22:05:36','<p>圧倒的に多数の人が<br />\r\n無闇矢鱈と囃し立てる世じゃ<br />\r\n結局誰が悪いのかなんて<br />\r\n知らぬ存ぜぬ味方無し</p>\r\n\r\n<p><br />\r\n人の背に立つ<br />\r\n背に立つあなたの目<br />\r\nその目 その目が嫌い<br />\r\nまた安地でつぶやく僻み達<br />\r\nそりゃ勝っても負けても痛み無し</p>\r\n\r\n<p><br />\r\n嗚呼 何も作れないまま<br />\r\n嗚呼 何も得られないままで<br />\r\nさぁ 何度も繰り返せ<br />\r\nその価値の無いアイミスユー</p>\r\n\r\n<p><br />\r\nワッハッハッハ<br />\r\n抱腹絶倒<br />\r\n惨めな輩に唾吐いて<br />\r\nガッハッハッハ<br />\r\n軽く一蹴<br />\r\n哀れみ込めた愛の讃歌<br />\r\n気にならない 気付きもしない<br />\r\n笑ってしまうぜ不完全体<br />\r\nこの意味が分かるまでは<br />\r\nただ静かに笑ってんだ</p>\r\n\r\n<p><br />\r\n「これを辞めろだ？<br />\r\nそうか分かったぜ死ねってこったな？」<br />\r\n実の親さえも泣かせちゃった<br />\r\n俺の全部を喰らいな心して<br />\r\nけど1番右の座<br />\r\n笑顔なし</p>\r\n\r\n<p>オーベイベーただ笑ってくれ<br />\r\n板の上のた打つ俺を<br />\r\nそういつかは買い慣らす<br />\r\nオーデマピゲ&amp;デモン</p>\r\n\r\n<p>ワッハッハッハ<br />\r\n笑みと失笑<br />\r\n西の魔女送るリスペクト<br />\r\nガッハッハッハ<br />\r\n勝ちで実証<br />\r\n最下位経ての真の王者<br />\r\n好みじゃない 話したくない<br />\r\n狂ってもがいた2, 3年後<br />\r\n邪論など掻き消す程<br />\r\nほら誰もが笑ってんだ</p>\r\n\r\n<p>あなたが見て聴いた光たちは今もまだ<br />\r\n心を強く握って苦しませる<br />\r\n「笑われる」「笑わせる」の溝針落として<br />\r\n聴かせてやる だから<br />\r\nこの名前くらいは覚えて帰れ</p>\r\n\r\n<p>ワッハッハッハ<br />\r\n抱腹絶倒<br />\r\n惨めな輩に唾吐いて<br />\r\nガッハッハッハ<br />\r\n軽く一蹴<br />\r\n哀れみ込めた愛の讃歌<br />\r\nワッハッハッハ<br />\r\n舐めて頂戴<br />\r\n予定調和などつまらんさ<br />\r\nガッハッハッハ<br />\r\n下劣上等<br />\r\nこれが答えだ文句あるか</p>\r\n\r\n<p>生か死か 伸るか反るか<br />\r\n打算的人生 丁半勝負<br />\r\n降りはせず昇り続けるただ<br />\r\n雨晒しだって独り泣いたって<br />\r\n出囃子は鳴ってんだ</p>\r\n','<iframe width=\"560\" height=\"315\" src=\"https://www.youtube.com/embed/xfrS_3gRdrg\" title=\"YouTube video player\" frameborder=\"0\" allow=\"accelerometer; autoplay; clipboard-write; encrypted-media; gyroscope; picture-in-picture\" allowfullscreen></iframe>','<p>Original：syudouさま<br />\r\n<a href=\"https://www.youtube.com/watch?v=KQPpw3dzEks\">https://www.youtube.com/watch?v=KQPpw3dzEks</a><br />\r\n<a href=\"https://www.youtube.com/channel/UCraC7460yGQF4GDmSjCecpQ\">https://www.youtube.com/channel/UCraC...</a></p>\r\n\r\n<p>Vocal：尾丸ポルカ（Omaru Polka）</p>\r\n\r\n<p>MIX&amp;mastering：はまひろさま<br />\r\n<a href=\"https://twitter.com/hamahiro3\">https://twitter.com/hamahiro3</a><br />\r\n<a href=\"https://www.youtube.com/user/hamahiro1116\">https://www.youtube.com/user/hamahiro...</a></p>\r\n\r\n<p>ILLUSTRATION：ひらい いち。さま<br />\r\n<a href=\"https://twitter.com/akubi_darake\">https://twitter.com/akubi_darake</a></p>\r\n\r\n<p>MOVIE：Nisaiさま<br />\r\n<a href=\"https://twitter.com/Muriminium\">https://twitter.com/Muriminium</a></p>\r\n');
/*!40000 ALTER TABLE `goods` ENABLE KEYS */;
UNLOCK TABLES;

--
-- Table structure for table `users`
--

DROP TABLE IF EXISTS `users`;
/*!40101 SET @saved_cs_client     = @@character_set_client */;
/*!50503 SET character_set_client = utf8mb4 */;
CREATE TABLE `users` (
  `user_sn` int NOT NULL AUTO_INCREMENT,
  `user_name` varchar(255) NOT NULL,
  `user_id` varchar(255) NOT NULL,
  `user_passwd` varchar(255) NOT NULL,
  `user_email` varchar(255) NOT NULL,
  `user_sex` enum('M','F') DEFAULT NULL,
  `user_tel` varchar(255) NOT NULL,
  `user_zip` varchar(255) NOT NULL,
  `user_country` varchar(255) NOT NULL,
  `user_district` varchar(255) NOT NULL,
  `user_address` varchar(255) NOT NULL,
  PRIMARY KEY (`user_sn`),
  UNIQUE KEY `user_id` (`user_id`)
) ENGINE=InnoDB AUTO_INCREMENT=21 DEFAULT CHARSET=utf8mb4 COLLATE=utf8mb4_0900_ai_ci;
/*!40101 SET character_set_client = @saved_cs_client */;

--
-- Dumping data for table `users`
--

LOCK TABLES `users` WRITE;
/*!40000 ALTER TABLE `users` DISABLE KEYS */;
INSERT INTO `users` VALUES (2,'PeopleA','A','$2y$10$QriIiTetia6aOfyRnp/hJexxcagCY.PuzC8kf.vXlZC8jOKWCTaXq','peopleA@gmail.com','F','0901234567','110','台北市','信義區','信義路5段7號');
/*!40000 ALTER TABLE `users` ENABLE KEYS */;
UNLOCK TABLES;
/*!40103 SET TIME_ZONE=@OLD_TIME_ZONE */;

/*!40101 SET SQL_MODE=@OLD_SQL_MODE */;
/*!40014 SET FOREIGN_KEY_CHECKS=@OLD_FOREIGN_KEY_CHECKS */;
/*!40014 SET UNIQUE_CHECKS=@OLD_UNIQUE_CHECKS */;
/*!40101 SET CHARACTER_SET_CLIENT=@OLD_CHARACTER_SET_CLIENT */;
/*!40101 SET CHARACTER_SET_RESULTS=@OLD_CHARACTER_SET_RESULTS */;
/*!40101 SET COLLATION_CONNECTION=@OLD_COLLATION_CONNECTION */;
/*!40111 SET SQL_NOTES=@OLD_SQL_NOTES */;

-- Dump completed on 2021-07-03 22:21:28
